Price,Close,High,Low,Open,Volume
Ticker,NESN.SW,NESN.SW,NESN.SW,NESN.SW,NESN.SW
Date,,,,,
2022-01-03,115.09854888916016,115.61516681577224,114.15439024755935,114.26127202848797,3412729
2022-01-04,115.34794616699219,115.61516420455276,114.11875134897795,115.61516420455276,2920374
2022-01-05,112.23043823242188,114.20783275524745,111.92759745465295,114.19001459441562,5579892
2022-01-06,111.98103332519531,112.10573326287832,110.64495673947435,110.91216797923639,3806803
2022-01-07,110.85873413085938,111.8563404913166,110.48463429405193,111.62475196563882,3579390
2022-01-10,108.57849884033203,111.0012522914476,108.2934694222971,110.98343413027439,4560274
2022-01-11,108.8279037475586,109.84332152083618,108.41817436497621,108.89916280426101,3707378
2022-01-12,108.48942565917969,109.25544347482735,107.95498956778853,109.11292537161978,5324981
2022-01-13,108.13313293457031,108.77445078245145,107.81247401062974,108.48942138290838,4004810
2022-01-14,107.63433074951172,107.99061921228504,106.88613109376125,107.38493086426156,5059252
2022-01-17,108.61412811279297,108.93478705678632,107.43838091669646,107.70559217293268,3021837
2022-01-18,109.00603485107422,109.34451194233989,107.88373538868815,108.40034651451347,4164905
2022-01-19,107.02864837646484,108.40034773482297,106.90394163915877,108.15094785148513,3854008
2022-01-20,107.95499420166016,108.13314183831643,106.90394693011932,107.09990593262248,3333929
2022-01-21,107.81248474121094,108.63194349700342,107.1711668294994,107.18897819565245,4307748
2022-01-24,105.10469818115234,107.58089252557582,105.10469818115234,107.420563053135,6007234
2022-01-25,104.85529327392578,106.04885178172843,104.44556392965157,105.1046931534286,5295402
2022-01-26,105.0690689086914,106.12011616487192,104.76622812425776,105.99541621885366,3817307
2022-01-27,105.37191772460938,105.78164709428015,104.03584103391172,104.21398187441642,3613879
2022-01-28,105.15813446044922,105.51442291642587,103.91113505798653,105.47879339126449,3689914
2022-01-31,106.0666732788086,106.7792434147138,105.53224397797035,106.08448464406038,3821371
2022-02-01,105.99541473388672,107.26023233757343,105.67475579272146,106.63673261621724,3700682
2022-02-02,107.33148956298828,107.74121891513816,105.99541292942412,107.0108306272819,3668181
2022-02-03,106.3517074584961,107.75904322376236,106.13793708770804,107.2958661588111,3446058
2022-02-04,106.08448028564453,107.33148646679275,105.60349189596006,107.0642684295335,3547443
2022-02-07,106.03104400634766,106.60110283469061,105.71038506595009,106.19137347654645,2784198
2022-02-08,104.9621810913086,106.70799393953047,104.67715167038945,106.33388730311867,3185525
2022-02-09,105.90634155273438,106.93957060625777,105.3006532125182,105.33628273789999,3062124
2022-02-10,105.12250518798828,105.49661180526347,104.55244637531013,105.37191186471743,4455469
2022-02-11,106.24481201171875,106.83268898795517,104.39211746287548,104.7662240821337,4333065
2022-02-14,104.48119354248047,105.67475205128622,104.40993449238063,105.3362817567675,3910564
2022-02-15,104.92655944824219,106.24481798530302,104.60590049692739,104.60590049692739,3360711
2022-02-16,104.48119354248047,105.71038157633615,104.14271645232472,105.15813413151788,3253060
2022-02-17,104.55244445800781,105.15813278482577,102.82445668685652,103.32325643989356,4226310
2022-02-18,105.2828369140625,106.08448426023806,104.87310755838105,105.22939602286321,4082897
2022-02-21,105.72819519042969,106.65454247452479,105.35409536290202,105.69257246025893,3599316
2022-02-22,105.81727600097656,105.81727600097656,104.12491084355639,104.85529915836247,4584096
2022-02-23,105.90634155273438,107.34929995469267,105.72819392582544,105.72819392582544,3298777
2022-02-24,102.57506561279297,104.44557164283584,102.57506561279297,103.94676505135688,7162376
2022-02-25,105.55006408691406,105.71039357001084,102.61069249535247,102.66414018680995,4636140
2022-02-28,106.69017791748047,106.88613692247368,104.73060145882349,105.0868899410259,7151864
2022-03-01,107.2780532836914,107.90155302123483,106.15574696047577,106.45858774852901,4970884
2022-03-02,106.9217529296875,107.59870028070638,105.10468801630215,107.13552327372204,5254090
2022-03-03,105.17595672607422,106.92176275330131,104.89092730929505,106.3160743931909,4435964
2022-03-04,103.23418426513672,105.49660807096055,103.02041391685859,104.67714261056015,5539390
2022-03-07,100.91832733154297,101.8981155317678,98.22835582667334,101.80904511277234,7899154
2022-03-08,98.29961395263672,102.34347345673946,97.58703701612166,100.82924916555429,8574947
2022-03-09,102.62850189208984,102.68194278334504,98.38868343115493,99.35066024757194,5345393
2022-03-10,101.0964584350586,102.66412348185189,100.34825883277524,102.57505307143292,5376061
2022-03-11,100.63330078125,102.61068860359595,99.6356943914136,101.39931184295087,5322608
2022-03-14,102.2009506225586,102.23658014729958,100.04541534300672,101.09646253813617,4838028
2022-03-15,103.0916748046875,103.94676306506351,101.43493917657231,102.16532749037081,4775763
2022-03-16,103.73299407958984,105.12251167174098,103.50140554901881,104.17835297919085,4779949
2022-03-17,105.90634155273438,105.90634155273438,103.78642896415921,104.24960599848535,3827578
2022-03-18,107.81248474121094,107.81248474121094,104.96218366645272,105.71039016199538,11424465
2022-03-21,107.24241638183594,108.25783405351628,106.86831656503519,106.86831656503519,4105483
2022-03-22,107.38492584228516,107.84810286092063,106.40513771220735,106.79705568249322,3548407
2022-03-23,105.69257354736328,107.63433175658957,105.42535549887378,107.06427292907343,3371963
2022-03-24,106.81487274169922,107.17116120680616,105.63912556379238,105.81727319416447,4023298
2022-03-25,106.17354583740234,107.22459298251367,105.62130521929012,106.74360461485561,3278538
2022-03-28,107.15335083007812,107.75903918765623,106.6189147296689,106.72580330887821,3218981
2022-03-29,107.66996002197266,108.86352535010886,107.13553072688897,107.59870776609544,4016593
2022-03-30,107.40274810791016,108.61412479361339,107.06427101312896,107.68777751656755,5880753
2022-03-31,107.06427001953125,108.02624681318638,107.06427001953125,107.83028782237103,5059437
2022-04-01,107.65215301513672,108.11532327745714,106.85050564223845,107.33149406597741,3953874
2022-04-04,108.59630584716797,108.77445347356289,107.52744727134682,107.81247667794159,6395761
2022-04-05,110.07490539550781,110.07490539550781,108.77445824613359,109.05948766523427,4955687
2022-04-06,109.02385711669922,110.60933367031618,108.27565065129819,109.84331583947964,4639501
2022-04-07,109.6829833984375,110.23523085090955,109.11292458101217,109.11292458101217,3718430
2022-04-08,110.89436340332031,110.89436340332031,109.82550478756734,110.2708636767373,6515460
2022-04-11,113.06304168701172,113.06304168701172,111.31351855829655,111.44108751859952,13905085
2022-04-12,111.93313598632812,113.08126358859381,111.71444733179698,112.77145524067362,6169484
2022-04-13,112.78968048095703,113.26351402690962,111.33174447800143,111.62333167859255,3334587
2022-04-14,113.11771392822266,113.33640258482603,112.370521312173,112.370521312173,3916123
2022-04-19,110.83968353271484,113.13593869106886,110.6209948825815,113.11771058156542,5644715
2022-04-20,110.98548889160156,111.96959136670915,110.89436224125075,111.20417755807132,3715480
2022-04-21,111.78734588623047,113.13594098537261,111.16772223829818,112.07893307631701,5319000
2022-04-22,113.86490631103516,113.86490631103516,111.31352011725646,111.3864117013169,4409697
2022-04-25,114.68499755859375,115.55975913594229,112.73500690559007,113.3181812904891,4099362
2022-04-26,112.73501586914062,115.68733729642912,112.73501586914062,114.994815052304,4147462
2022-04-27,114.0835952758789,114.0835952758789,110.93080657915816,112.13360461924809,3833769
2022-04-28,114.68499755859375,115.52330986788772,114.06537390564016,114.46630890225337,2527326
2022-04-29,114.81256866455078,115.83312733317328,114.08359719382226,114.86723909165991,3356420
2022-05-02,114.63032531738281,115.30461938574759,113.90135387180847,114.73966616782812,2662816
2022-05-03,114.17472839355469,115.72378414062636,113.70089483309427,114.64855500202765,3488640
2022-05-04,112.971923828125,113.9924755271156,112.55276072091152,113.81023613857786,2619590
2022-05-05,113.71912384033203,114.42986723463613,113.13594941669854,113.53687748795437,2179604
2022-05-06,112.40697479248047,113.73734184398315,111.58688360950283,113.46397579899484,3374562
2022-05-09,109.69156646728516,112.71678640004136,109.69156646728516,111.71445579287283,4125190
2022-05-10,109.30885314941406,110.62099900306343,109.30885314941406,110.25651327127338,4378749
2022-05-11,110.96725463867188,111.04015317412264,109.4364201541409,110.20184087239988,3446286
2022-05-12,110.91259002685547,111.20417723195582,109.09016825698137,109.80091163491429,3924492
2022-05-13,111.6597900390625,111.89670683132869,110.45699186969328,110.85792691014562,2860445
2022-05-16,112.37052154541016,112.71677916508312,110.71211807941933,111.67799935407717,2737460
2022-05-17,111.7144546508789,113.08127099722405,111.07660980337948,112.9901512978652,2325177
2022-05-18,108.78034973144531,112.11538480886678,108.68923003603761,111.64155126956733,3986307
2022-05-19,103.31307983398438,106.97615120807718,102.21962963538203,106.79390487365224,7678747
2022-05-20,103.1490707397461,104.2789772572395,102.94861018211412,104.22429987607858,4237841
2022-05-23,104.47943878173828,104.47943878173828,103.02149586874751,104.3336417096444,4034969
2022-05-24,104.55233001708984,105.46354085867644,103.45887978798073,103.87803594087212,3393617
2022-05-25,104.09673309326172,105.33598049513284,104.09673309326172,104.80747649539624,3283553
2022-05-27,106.22896575927734,106.22896575927734,103.00327841893633,104.09672869105754,3755150
2022-05-30,106.57522583007812,106.79391449911189,105.6275656616152,106.46587801956751,2426229
2022-05-31,106.61167907714844,107.03083527176024,105.8827075505267,105.9738342053452,8822457
2022-06-01,104.86215209960938,107.19484978028882,104.86215209960938,107.15840051002976,3738061
2022-06-02,104.55233001708984,105.46354085867644,104.40653989746923,104.97148616998123,2548667
2022-06-03,104.69812774658203,105.31775140083388,104.55233067405827,105.00793609771442,1815609
2022-06-07,103.73223876953125,105.24485210206447,103.71401761159132,104.71634814597549,3283456
2022-06-08,102.40187072753906,103.96915446982705,102.07383427208404,103.96915446982705,3972825
2022-06-09,100.72525024414062,102.72991137416341,100.72525024414062,102.14673697444815,4434261
2022-06-10,100.3243179321289,100.65235440977844,98.88460305266563,100.34254604310243,5569990
2022-06-13,100.90748596191406,101.76402637179427,99.61356824417071,99.86870616575537,4596618
2022-06-14,98.9757308959961,101.61823695602747,98.9757308959961,101.03506253362175,3994641
2022-06-15,98.19208526611328,99.32198479799274,97.77292910028683,98.86637936313957,5531731
2022-06-16,97.04395294189453,98.77525490120833,96.7159164884672,97.70002584874918,4452988
2022-06-17,97.13507843017578,98.48367359162475,96.49723359488813,96.58835329250248,11463538
2022-06-20,97.8458251953125,97.8458251953125,96.26032015551617,96.82527342348385,3380344
2022-06-21,97.82759857177734,98.30142516051963,97.62713107008314,98.21030546483694,3175814
2022-06-22,99.61357116699219,99.92338647514045,97.40844254918048,97.99161694476726,4486804
2022-06-23,98.84815979003906,99.63179475472695,98.35610507826713,99.32198639101166,3021585
2022-06-24,101.72758483886719,101.72758483886719,99.10329993619325,99.13974920661772,3583198
2022-06-27,102.58412170410156,102.58412170410156,101.30842509208505,101.8915994943805,2969516
2022-06-28,100.81636810302734,102.45655041732304,100.56123017680069,102.2743040757418,3492158
2022-06-29,102.42010498046875,102.42010498046875,100.10562849570731,100.2514186224391,3870567
2022-06-30,101.54534149169922,102.00094692631454,100.25141677388142,101.87337796078124,4403788
2022-07-01,102.74813842773438,102.85747928156425,100.83459701385304,101.45421372418802,2749338
2022-07-04,103.4406509399414,103.78691550654526,102.89392582928798,102.96682436457164,1591410
2022-07-05,102.82103729248047,104.00561427407547,102.67524715972328,103.76869748735893,3134992
2022-07-06,104.75279998779297,105.19018426095556,103.07617533664192,103.07617533664192,3076562
2022-07-07,104.22430419921875,105.13551513383962,103.80514800353168,104.7528082097759,3451112
2022-07-08,104.46121215820312,104.78924862309526,103.11262398207957,104.44299099992563,2599837
2022-07-11,104.9532699584961,105.15373746541114,103.76869302780932,103.96916053472438,1948867
2022-07-12,105.37242889404297,105.37242889404297,104.16963077300221,104.80747562810431,2424679
2022-07-13,103.71401977539062,105.22663313948169,102.58412025589271,105.1901838708544,3740535
2022-07-14,103.0215072631836,103.96916748064636,102.54768063044611,103.56823939201858,2831201
2022-07-15,104.9897232055664,104.9897232055664,102.93038458195085,103.80514623000289,3521463
2022-07-18,104.73458099365234,105.79158200165756,104.71635288290085,104.8985992304792,2121052
2022-07-19,105.04438781738281,105.48177209317475,104.15140505928898,104.15140505928898,2419169
2022-07-20,103.20374298095703,105.51821937785995,103.20374298095703,104.78924791591096,3190518
2022-07-21,104.80746459960938,104.95326166656962,102.21962922894615,102.93037255041037,3236257
2022-07-22,105.91914367675781,106.10139001178908,103.95093192232815,104.6434471394864,2591351
2022-07-25,106.50232696533203,106.68457331562792,104.91682195368861,104.97149238278367,2198382
2022-07-26,106.86681365966797,107.17662898191902,106.24718996715336,106.66634614856214,2425781
2022-07-27,107.03082275390625,107.97848284688527,106.64811587558401,107.52287743402921,2556878
2022-07-28,106.61167907714844,107.01261411198917,104.66168823822115,105.2084134071936,3217785
2022-07-29,106.10140228271484,108.16073396683421,105.80981506492878,108.03316499355205,3979417
2022-08-02,106.61167907714844,107.28597322048154,105.79158784769591,106.50233126255887,3689471
2022-08-03,106.33830261230469,106.42942925820716,105.42709176917616,106.06494353055834,2498922
2022-08-04,106.50232696533203,106.62989593454543,105.42709783054227,106.01027224751427,2265564
2022-08-05,105.24485778808594,106.70279382159268,105.09906070874158,106.24718837662262,1773010
2022-08-08,105.24485778808594,106.26541648753435,104.80747350204022,104.9168213115485,2044842
2022-08-09,105.29953002929688,105.59111724101712,104.53411620552654,104.67990633539291,2445878
2022-08-10,104.18785095214844,105.31775747339616,103.93271301250782,104.93505056393522,2481126
2022-08-11,104.9532699584961,105.06261776735539,103.67757332975357,104.0967295023999,2760607
2022-08-12,104.40653991699219,105.28130149084045,104.40653991699219,104.91681576374025,2407780
2022-08-15,105.37242889404297,105.37242889404297,104.16963077300221,104.60701506792044,1928275
2022-08-16,104.9897232055664,105.3724301230915,104.40654877353171,105.33598085209088,1955828
2022-08-17,106.4841079711914,106.90326415741255,105.02617189912057,105.0443930585269,2537842
2022-08-18,106.08316802978516,106.73924096981956,105.79158082887956,106.06494687122297,1749333
2022-08-19,106.53878021240234,107.04906306029189,105.71868898542603,105.79158752826562,2302065
2022-08-22,106.83036041259766,107.12194761280995,105.88270027391087,106.24718601217306,1764544
2022-08-23,104.91681671142578,106.28363298640734,104.8074689067119,106.28363298640734,2777546
2022-08-24,105.95559692382812,105.99204619220355,104.69812844881832,104.7892481437633,2366687
2022-08-25,106.46587371826172,106.95792841769888,105.59111212548027,106.21073578936551,2092756
2022-08-26,105.24485778808594,106.50232631348787,104.9168213115485,106.26541648753435,2366193
2022-08-29,105.20841217041016,105.71868806185417,104.33365051994,105.11729246865052,2065722
2022-08-30,104.93504333496094,106.21073294528183,104.5887787675993,105.51821771453248,2605153
2022-08-31,104.40653991699219,105.26307338089258,103.69579657273965,104.97148618960982,3874416
2022-09-01,102.93038177490234,104.47944446623944,102.93038177490234,104.47944446623944,3130449
2022-09-02,103.34953308105469,103.80513850668302,102.89392765542635,103.29486265461516,3071938
2022-09-05,102.96682739257812,103.24019343193736,101.63646036847,102.16496433683803,1900352
2022-09-06,102.43832397460938,104.06027820515473,102.09206634794946,103.05794764209732,2894029
2022-09-07,101.32664489746094,102.25608386819803,100.94393800456315,102.20141344120897,2892701
2022-09-08,100.3243179321289,101.2902062060914,99.10329867242359,100.96216972844186,4079495
2022-09-09,101.70936584472656,102.2014205779499,100.26965091625691,100.43366916066468,3451179
2022-09-12,101.92804718017578,102.14673583964266,101.29020236006942,102.05561614419706,3635396
2022-09-13,102.1285171508789,103.44065609139565,101.92804964485886,101.98272007305076,3283517
2022-09-14,99.41310119628906,101.61822975934088,99.41310119628906,101.32664256878846,3769320
2022-09-15,99.08507537841797,100.12385529081212,98.61124874988236,99.32199216867964,2810012
2022-09-16,97.3355484008789,99.01218007778549,97.20797943059104,98.31965784480315,14188988
2022-09-19,98.26496887207031,98.92104175729709,97.26263838719014,97.49955514063018,2882520
2022-09-20,96.87994384765625,98.68414451158115,96.87994384765625,98.00984343153533,2966209
2022-09-21,96.89816284179688,97.51778652594699,96.5154559359361,96.82527125400486,3514827
2022-09-22,97.8458251953125,99.06685143202006,95.9505117824932,96.36966796763532,4893465
2022-09-23,97.57246398925781,98.88460294645928,97.18975708307353,97.62713441814489,3737610
2022-09-26,97.06217193603516,98.593006367245,96.42432715302553,97.48133502428347,4759218
2022-09-27,96.87994384765625,98.15564051435202,96.86172268829795,97.06218324918956,4338797
2022-09-28,96.36966705322266,97.15330898600544,95.31265906872959,96.29676851250159,4536418
2022-09-29,97.09862518310547,97.37199121673738,95.45844983727503,96.42433110599697,4761988
2022-09-30,97.57246398925781,97.77293149782693,96.16919838126137,97.02573884442492,3659654
2022-10-03,97.00750732421875,97.37199305862693,95.75003884009709,96.95283689725304,3024995
2022-10-04,97.93695068359375,98.24675905293307,96.69770330226153,96.95284124218509,3270925
2022-10-05,97.55423736572266,98.3014300305172,97.1715304537032,97.70003444762769,2667452
2022-10-06,96.89816284179688,98.97572951358545,96.78882198411516,97.55423579583669,2706735
2022-10-07,96.60657501220703,98.0645179904516,96.46078488557498,96.60657501220703,3041722
2022-10-10,96.57013702392578,96.8981665615508,95.45845858157037,96.38789066748116,3094442
2022-10-11,96.3514404296875,96.4972375133807,94.71126495006447,96.26032072837303,4656456
2022-10-12,96.7159194946289,97.20797419006414,96.20564364098665,96.31498449420307,3841711
2022-10-13,95.65892028808594,96.89816067670927,94.23742660209896,96.67947201424482,4643613
2022-10-14,96.2785415649414,97.44489033840641,96.05984595592642,96.05984595592642,3695205
2022-10-17,98.00984191894531,98.30142912809104,95.85938364450023,95.98695261400228,2676409
2022-10-18,98.2103042602539,98.9210476106434,97.49956090986441,98.0645141393472,2998525
2022-10-19,96.95283508300781,98.46544146731415,96.95283508300781,98.3196513474713,3129771
2022-10-20,96.46078491210938,97.57246330493236,96.07807800860921,97.22619871910972,3603140
2022-10-21,95.98694610595703,96.82526535840084,95.40377172720558,95.62246733322759,4000838
2022-10-24,97.6089096069336,98.08273619419623,96.60657210159258,96.86171698148938,2764472
2022-10-25,98.55657196044922,98.73881135536342,97.55423443245918,97.809372366134,2573700
2022-10-26,98.73880767822266,98.73880767822266,97.51778153141046,98.52011902207235,2449053
2022-10-27,97.77293395996094,98.92105470742595,97.42666936299007,98.88460543658758,2530212
2022-10-28,98.19208526611328,98.33787539023295,96.04162705744731,96.05984821596705,2481121
2022-10-31,99.35843658447266,99.35843658447266,97.8276020064996,98.26497934192767,3453862
2022-11-01,98.81170654296875,99.77758781683374,98.6659094703922,99.35843166115673,2490335
2022-11-02,99.30377197265625,99.88694642204705,98.62947086705803,99.03040590800964,3094454
2022-11-03,98.55657196044922,99.23086606401654,98.0280679824158,99.10329709717914,2515764
2022-11-04,99.01217651367188,99.88693811500906,97.93694740853066,98.31965430561807,3190808
2022-11-07,98.02806854248047,99.04862028301042,97.70003206817088,98.79348234787794,2423078
2022-11-08,98.33787536621094,98.72058226291718,97.5177841932781,97.73647980738501,2806029
2022-11-09,99.43133544921875,99.43133544921875,97.7729318969955,98.02806983549333,2359551
2022-11-10,100.30609893798828,100.88927336595434,98.8846051868319,99.15797124143555,4008750
2022-11-11,98.46543884277344,100.45187870559243,97.84581520798623,100.25141121316321,4842216
2022-11-14,98.4836654663086,99.540666385005,97.95516153096702,98.50188662353321,2956768
2022-11-15,98.19208526611328,100.05095627455272,98.19208526611328,98.41077392828639,3071616
2022-11-16,98.8299331665039,99.12152037579521,98.1738602076016,98.55657406828624,3321008
2022-11-17,100.12384796142578,100.32431546528096,99.08506812507365,99.24908635986542,2934221
2022-11-18,101.0350570678711,101.60001030050856,100.32431371351282,100.41543340858671,4142701
2022-11-21,102.18318176269531,102.54766748453144,100.68879655995538,100.68879655995538,3635758
2022-11-22,102.31075286865234,102.74813713442785,101.78224890850318,102.25608244242555,2140244
2022-11-23,102.89393615722656,102.89393615722656,102.09207304458063,102.1467434755374,2489139
2022-11-24,103.076171875,103.56822655878788,102.18318220027675,102.9486029146091,2853871
2022-11-25,102.96682739257812,103.38598355480502,102.6934613532189,103.38598355480502,2121739
2022-11-28,103.42243194580078,103.75046840945303,102.54767036005713,102.72990975009189,2437774
2022-11-29,101.3813247680664,103.40421404022396,101.3813247680664,103.09439872503494,3912589
2022-11-30,102.36542510986328,103.6957990888578,101.25375369561479,101.60001132116885,11288265
2022-12-01,103.6229019165039,104.37009455663961,102.51122353562187,102.51122353562187,3508618
2022-12-02,102.96682739257812,103.69579886287796,102.52944312000079,102.93037812386441,3166399
2022-12-05,101.41777038574219,102.76635855062872,101.39954227562944,102.6752388560262,3278835
2022-12-06,101.67291259765625,102.38365597830081,101.50889435966232,101.54534362943734,3905035
2022-12-07,99.55889892578125,101.34487134872091,99.55889892578125,100.77991812179619,4291083
2022-12-08,99.7046890258789,100.01450432831923,98.775257022532,99.13974275105538,4247475
2022-12-09,99.5406723022461,100.17852407481298,99.32198364261691,99.81403834077292,4714660
2022-12-12,99.777587890625,99.92338496330937,99.10329380942738,99.32198246646689,3191367
2022-12-13,99.83226013183594,100.7616991071284,99.04861823187844,99.83226013183594,3334086
2022-12-14,101.18086242675781,101.54534818888632,99.15797305133286,99.59535735628461,3409066
2022-12-15,98.10096740722656,101.14440843210349,98.10096740722656,100.94394092469486,4386356
2022-12-16,97.6453628540039,99.15796932480754,97.6453628540039,98.64769344819726,7600237
2022-12-19,98.33787536621094,98.82993006997063,97.64536011083408,97.82759950393593,2853007
2022-12-20,97.44489288330078,98.66591211491442,97.44489288330078,97.68180270460695,3503865
2022-12-21,98.8299331665039,98.95750213606964,97.44489566036705,97.46311681945326,2335738
2022-12-22,98.39254760742188,99.59534561424778,98.24675053896449,98.97572197727766,2674824
2022-12-23,98.24674987792969,98.77525381955144,97.79114447004613,98.3925469454061,1825258
2022-12-27,98.50189208984375,98.6841384321373,98.10096404077217,98.41077239469053,1450444
2022-12-28,98.50189208984375,98.88459898067953,98.02806550385475,98.39255123645474,2130233
2022-12-29,98.64768981933594,98.64768981933594,97.13507645218799,97.70002968907225,2170445
2022-12-30,97.62712860107422,98.52011828094987,97.57245817544465,98.41077047770378,2426573
2023-01-03,99.24908447265625,99.66824063093452,98.02806526619177,98.62946081433465,3673803
2023-01-04,100.96216583251953,101.10795595474502,99.6135707040012,99.6135707040012,2776310
2023-01-05,100.67057800292969,101.0715060505186,100.23319373502979,100.83459623439377,2533482
2023-01-06,101.23552703857422,101.23552703857422,100.3972147002586,100.96216794668206,2176895
2023-01-09,101.70936584472656,101.80048554673364,100.52478886267176,101.41777862711136,2947895
2023-01-10,101.49066925048828,101.58179590361472,100.72525541853685,101.19908203565141,2198990
2023-01-11,102.9486083984375,103.87804043822085,101.27197676229596,101.29020487302961,3999395
2023-01-12,103.49533081054688,104.35186428880883,103.24019288289493,103.8780377020248,3336729
2023-01-13,103.84159088134766,104.22429778184707,103.24019531656106,103.51355440892321,2022738
2023-01-16,104.9532699584961,104.9532699584961,103.69580144055712,104.04205907396391,2646083
2023-01-17,104.42475891113281,104.89859243214072,103.98738160926523,104.69812493879022,2701054
2023-01-18,102.45655059814453,104.24252303687012,102.32898163480607,104.22429492668628,4151210
2023-01-19,102.34720611572266,103.69580128163791,102.12851745032654,102.34720611572266,3587442
2023-01-20,102.0920639038086,102.87570578663508,101.94626683166085,102.67523828842546,2518344
2023-01-23,103.13084411621094,103.18551454248767,102.11028546312708,102.42010076666509,1990121
2023-01-24,102.5658950805664,103.33131583966849,102.20141628783786,103.02150052346443,2484363
2023-01-25,102.69346618652344,102.71169429773178,102.05562133398105,102.5841253272233,2456467
2023-01-26,100.05095672607422,103.03972727988118,99.97805818769179,102.6752415399563,4279745
2023-01-27,99.81404113769531,100.94394068809235,99.57712436113248,100.28786773883364,2739852
2023-01-30,101.30842590332031,101.50889340921223,99.77759134703966,99.94160958349785,3158154
2023-01-31,101.58179473876953,102.23786075063865,100.79815280438385,101.07151190466578,4436404
2023-02-01,101.16262817382812,101.78225184623511,100.85281981361827,101.72758141843038,2101163
2023-02-02,100.06918334960938,101.60001797930532,99.75937497254583,101.50889827734473,4047363
2023-02-03,101.85514831542969,101.964496120805,99.77758867720848,99.83225910390259,2731846
2023-02-06,101.58179473876953,101.85515383905145,101.08974001587707,101.72758486852238,2384681
2023-02-07,100.26964569091797,101.61823389511412,99.94160921919733,101.25375510607988,3232274
2023-02-08,100.57945251464844,101.23552544806172,100.30609342705102,100.48833281878264,3560157
2023-02-09,99.32199096679688,101.08974238845664,99.32199096679688,101.07151427681754,4057979
2023-02-10,99.75936889648438,99.99627871675487,99.10329595914743,99.34020577941793,3287162
2023-02-13,101.10795593261719,101.23552489653176,99.85048745175054,99.95982830539894,2388281
2023-02-14,101.41777038574219,101.96449550534449,101.0897339235834,101.1990747763116,2406160
2023-02-15,100.87103271484375,101.19906915879338,100.43365542423537,100.92571009015981,2683604
2023-02-16,98.31965637207031,101.21730727889604,97.8093735465749,100.25141900862921,4330748
2023-02-17,99.57711791992188,99.7229149889872,97.33554012294407,97.95516376249795,3773025
2023-02-20,99.81404113769531,100.12384950151896,99.17618934725496,100.12384950151896,1981580
2023-02-21,99.88693237304688,100.08739291334028,98.99394271252218,99.46777623100037,2922432
2023-02-22,100.56123352050781,100.67058132909243,99.2490876254418,100.05095765108763,2256549
2023-02-23,99.01217651367188,100.52478294348806,99.01217651367188,100.48833367443395,3876740
2023-02-24,98.70236206054688,99.6864714775995,98.00983984647422,99.32198573587772,3413004
2023-02-27,98.99394989013672,99.63179472819678,98.75703311371984,98.88460208133185,4944147
2023-02-28,96.6612548828125,98.77526391334214,96.6612548828125,98.4289993186945,9127287
2023-03-01,96.22386932373047,97.0804097914657,96.15097078350036,96.6612536131237,5450678
2023-03-02,98.1738510131836,98.50188746191267,95.7682550238282,95.98694367231866,3997088
2023-03-03,98.00984191894531,98.48367547879928,97.55423647015589,98.410776938516,2318354
2023-03-06,95.67713928222656,97.26264421520422,95.67713928222656,96.93460775293477,3598786
2023-03-07,95.84115600585938,96.47900081024662,95.36732943002698,95.69535893514974,2936247
2023-03-08,95.9687271118164,96.4243325399872,95.38555271991676,95.84115814808756,3205451
2023-03-09,96.2785415649414,96.67946961082808,95.80470803072933,96.33321199120162,3523789
2023-03-10,96.09629821777344,96.86171896919683,95.73181247671407,96.04162778981008,3863365
2023-03-13,97.28086853027344,97.62712613716677,95.47666805817556,96.26030991502762,5107523
2023-03-14,97.6453628540039,97.6453628540039,96.42433663955978,97.35376869366955,3874849
2023-03-15,97.71825408935547,97.9733920267396,96.29676732279391,97.68180481944525,4622148
2023-03-16,99.99627685546875,100.14207392860192,98.11918472679523,98.24675368979321,5109647
2023-03-17,99.63179016113281,100.61589953930363,99.030394620242,100.5794502713728,13466684
2023-03-20,99.30377197265625,99.88694642204705,98.59302159497264,99.01218474796084,2826727
2023-03-21,98.35609436035156,99.77758096035654,98.15562687532797,99.63178389779881,4036339
2023-03-22,99.92338562011719,100.34254177885936,98.22853287494961,98.39255110680412,3660890
2023-03-23,99.90515899658203,99.90515899658203,99.04861855615283,99.55890136950865,3172118
2023-03-24,99.90515899658203,100.54300382329278,99.19441563196511,99.83226045867588,3609569
2023-03-27,99.81404113769531,100.9986111165348,99.57712436113248,100.4883352457724,3381225
2023-03-28,100.4701156616211,101.39954771964636,99.70469489149372,100.12385107075903,4600031
2023-03-29,102.05561828613281,102.1649660941548,100.52478373376132,100.52478373376132,3304393
2023-03-30,100.90748596191406,102.25608105713054,100.63412688249633,102.05561356103203,3276897
2023-03-31,101.56356048583984,101.92804621616217,100.81636786707325,100.96216493999701,3901691
2023-04-03,102.14673614501953,102.14673614501953,101.32664497958307,101.41777162728825,2847212
2023-04-04,101.41777038574219,102.42010093034426,101.32664373915257,102.42010093034426,2705929
2023-04-05,102.82103729248047,102.83926540406739,101.03506471628216,101.08974209905529,2709138
2023-04-06,103.6229019165039,103.71402161369367,102.38365456915875,102.96682897355797,2320649
2023-04-11,103.34953308105469,103.73223997010558,102.36542369322058,103.69579765380395,2898477
2023-04-12,102.91216278076172,103.69580472241982,102.27431097020944,103.0032824817013,2723616
2023-04-13,101.70936584472656,102.74814574197995,101.50889832911842,102.63879792837889,4125219
2023-04-14,102.9486083984375,103.16729706332994,102.20141575406663,102.36542703874548,2698951
2023-04-17,103.5135498046875,103.71401730136209,102.51121927330149,103.05794438569504,2700250
2023-04-18,103.87804412841797,103.87804412841797,103.057952915954,103.75047515669998,2228921
2023-04-19,104.15140533447266,104.2425250311738,103.60467325029138,104.0602786857843,3458389
2023-04-20,104.55233001708984,104.75279751455682,103.71401771130706,104.0785034383391,2533161
2023-04-21,105.97383117675781,106.19251984769943,104.35186992397728,104.5705655469064,4619865
2023-04-24,107.19857788085938,107.19857788085938,106.02056957092779,106.63761678751898,7037055
2023-04-25,108.00260925292969,109.23671084050659,107.25467300365332,108.73185726038048,6149465
2023-04-26,107.55384826660156,108.20829337229664,106.95549641770414,107.51645038443088,6367888
2023-04-27,106.30104064941406,107.74082696705246,106.13275375169226,107.21727089988084,4047816
2023-04-28,107.06768035888672,107.66603932632461,106.3010416250989,106.3010416250989,3855580
2023-05-02,107.1050796508789,107.77822725681087,106.7311150990648,106.95549525673658,2653496
2023-05-03,108.56356811523438,108.67575462720605,107.64733784760504,107.75953149249331,4074404
2023-05-04,108.07740783691406,108.35788839578194,107.72213864420941,108.13350822843779,3390719
2023-05-05,108.88143920898438,108.9001417162229,107.92781819440025,108.39528101453134,2524401
2023-05-08,108.806640625,108.93752964061002,108.37657569757901,108.6570562355527,1716713
2023-05-09,108.84403991699219,109.03102932237151,108.24568808561132,108.91883567914391,2636733
2023-05-10,107.123779296875,108.4700673398621,106.56282535122067,108.4326765920127,3060064
2023-05-11,107.68473815917969,107.87172043862952,106.89939689307353,107.16118207038674,5372894
2023-05-12,107.49774932861328,108.2082876535545,107.14247303322635,107.98390750530551,1816330
2023-05-15,107.38555908203125,108.32048471768681,107.10507853816796,107.68473500012436,2058386
2023-05-16,107.01158905029297,107.59124552118219,106.52543085074339,107.32946748043113,1935324
2023-05-17,105.90837097167969,107.03028597296489,105.74008407813271,106.82460119941679,3783482
2023-05-19,106.41323852539062,106.8059055913899,105.9270803198082,106.1140625989745,2991419
2023-05-22,105.60919952392578,106.54412516468247,105.32872611144872,106.39454077127802,2455417
2023-05-23,105.10433959960938,105.90837622724234,104.9360526977114,105.29132900889415,3333986
2023-05-24,104.9173583984375,105.57180350534941,104.73036898723645,105.21653432344247,2608579
2023-05-25,104.0572280883789,104.95475585979462,103.38408047658795,104.95475585979462,2269153
2023-05-26,104.76776123046875,105.0669371393709,103.68325123554202,104.0572229048988,2077326
2023-05-30,101.28984069824219,104.54338507306208,101.17765418619375,104.43119142809705,5794559
2023-05-31,100.87847900390625,102.44915438032488,100.63539633782858,101.02806339870408,10561949
2023-06-01,101.70121002197266,102.35566225000599,101.08416280842208,101.28984045766123,2757102
2023-06-02,102.46784973144531,102.48655223886367,101.53292408219322,101.75730424079707,2449293
2023-06-05,101.70121002197266,102.71093142550987,101.53292312138312,102.71093142550987,1921363
2023-06-06,102.05648040771484,102.41174956260127,101.25244383299427,101.47682397645328,2639282
2023-06-07,100.80368041992188,102.05648446427325,100.80368041992188,101.62641240058439,3617118
2023-06-08,100.03704071044922,100.85977268302172,100.03704071044922,100.63539253285037,3006770
2023-06-09,100.18663787841797,100.5419070639531,99.55088813967521,100.5419070639531,2423038
2023-06-12,100.18663787841797,100.95327663987982,100.13053748802638,100.52320455618364,2787394
2023-06-13,99.70046997070312,100.33621969308008,99.21431177496386,100.13053491041157,2684618
2023-06-14,99.58827209472656,100.69148459160148,99.58827209472656,99.85005725522058,3881265
2023-06-15,100.89717102050781,101.49552284561895,99.73786525096953,99.88744964078911,3101240
2023-06-16,101.02806091308594,102.0564848085287,100.09313528662268,100.09313528662268,9952340
2023-06-19,100.97196960449219,101.70121046592465,100.6540983091669,101.27114552541106,2212422
2023-06-20,100.37361907958984,101.51422952209467,100.37361907958984,100.82237940039774,2831516
2023-06-21,101.06546020507812,101.2150517312006,100.39231260336007,100.39231260336007,2913229
2023-06-22,101.1402587890625,101.34594357675944,100.33622214602002,100.85977823621819,2258377
2023-06-23,101.70121002197266,102.22476609806607,101.25244970901161,101.51422774705831,2579099
2023-06-26,100.97196960449219,101.90689524897823,100.97196960449219,101.5329235646005,2159665
2023-06-27,100.87847900390625,101.4394329670022,100.6727942197572,101.4394329670022,2059461
2023-06-28,100.01834869384766,101.10285873350857,99.25170994985605,100.74758955606936,3179063
2023-06-29,99.96224975585938,100.3736193283835,99.66307383027366,100.03704552048498,2066930
2023-06-30,100.5979995727539,100.95327588856176,99.92485195639873,99.9809523463728,3898509
2023-07-03,100.82237243652344,101.43942675115976,100.52319653234358,100.57929691825719,1996854
2023-07-04,99.99964904785156,100.97197260294101,99.90615790720997,100.87848146229942,1735699
2023-07-05,99.94355010986328,100.22402351584762,99.58827380953348,99.81266109382064,2603607
2023-07-06,99.17691802978516,99.81266777867802,98.7655484472907,99.73787201223959,2585130
2023-07-07,97.84932708740234,99.00863295701977,97.84932708740234,98.89643930528246,2510595
2023-07-10,98.7094497680664,99.23300583854936,98.16719119054251,98.20458907170793,2206067
2023-07-11,98.24198913574219,98.65335157186905,98.16719337174943,98.44767392026395,2461390
2023-07-12,97.88671112060547,98.50376546343777,97.26966391068969,98.4476722078772,3107077
2023-07-13,98.26068115234375,98.70944858804756,97.86801410417566,97.99890312023169,1903526
2023-07-14,98.35417175292969,99.00862396256798,98.14849410947163,98.42896751395973,3088207
2023-07-17,97.92411041259766,98.61596052808818,97.88671253071304,98.54116476431895,1893731
2023-07-18,97.58753967285156,97.9241134874651,97.34446413234379,97.5314464147216,2379527
2023-07-19,97.94281768798828,98.57856744514272,97.62493924295256,97.64364175126366,2910928
2023-07-20,97.28836059570312,98.0737018487148,96.93309141750535,98.0737018487148,3089793
2023-07-21,97.84932708740234,98.18589377678022,97.56884652451758,97.71843092725031,2254626
2023-07-24,97.60623931884766,98.20459116441211,97.38185915999014,98.05499963656268,1800316
2023-07-25,97.79322052001953,98.50376600365507,97.79322052001953,97.92410953898968,2319325
2023-07-26,98.39157104492188,98.39157104492188,97.08267373978485,98.33547778980284,2727668
2023-07-27,100.97196960449219,101.42073705232879,99.28910059125067,99.38259886203257,3999682
2023-07-28,100.37361907958984,101.19635108968211,99.56958244414929,100.0744431547457,2626250
2023-07-31,99.92485046386719,100.6727938337383,99.75656356229202,100.03704410922283,2335285
2023-08-02,100.3175277709961,100.728890217573,99.47609323699385,99.71917590968712,3180047
2023-08-03,98.5037612915039,100.11183445668753,98.2793811458483,100.03703869716358,2861077
2023-08-04,97.3818588256836,98.50376674903634,96.9704892584265,98.44767349274369,2801728
2023-08-07,97.56884002685547,97.68103367112116,96.89569242709437,97.38185775266251,1965257
2023-08-08,97.26966094970703,98.20458655614452,97.26966094970703,97.6436326188653,2189333
2023-08-09,97.51274871826172,97.83062001732013,97.00788800836013,97.19487028628663,1480568
2023-08-10,98.20458984375,98.44767250677802,97.64363588769166,97.64363588769166,2016437
2023-08-11,97.30706024169922,98.18588547411787,97.288357734866,98.0549964579509,1648160
2023-08-14,97.6997299194336,97.84932144645948,97.26966497860904,97.6062387815007,1597995
2023-08-15,96.2973403930664,97.5314419457968,96.11035811925619,97.5127465715824,2266059
2023-08-16,97.43795013427734,97.56883915162159,96.2973397263491,96.2973397263491,2411485
2023-08-17,96.57782745361328,97.15747682128867,96.52172706135144,97.0078924187301,2062494
2023-08-18,97.10137939453125,97.12007476920482,96.09165797215744,96.42823177961537,2660675
2023-08-21,97.3818588256836,97.905414905526,96.8396002384659,96.85829561292458,2317502
2023-08-22,97.3818588256836,98.33547984724177,97.3818588256836,97.58753647639553,1973664
2023-08-23,97.9054183959961,98.41027911937883,97.3444644143209,97.43795555578062,1659755
2023-08-24,98.82164001464844,98.93383366238625,98.3541771817827,98.50376871209978,2490785
2023-08-25,99.32649993896484,99.56958260733558,98.63465694905074,98.63465694905074,2185900
2023-08-28,99.62567138671875,99.90615192476496,99.4386891166322,99.56957813227606,1491938
2023-08-29,99.99964904785156,100.42971400113629,99.66307523520841,99.85006464940838,2387756
2023-08-30,99.40129852294922,100.28013094919756,99.25171412249752,100.05574364914463,2239872
2023-08-31,99.47608947753906,99.88745190856953,99.10211779512508,99.70046963382082,7885215
2023-09-01,98.59725952148438,99.7191745963503,98.41027724213176,99.19561137491284,2023877
2023-09-04,98.20458984375,99.06471971856725,98.05499831791228,98.50376576250889,1401253
2023-09-05,96.98918151855469,98.11109653879927,96.98918151855469,98.07369865816615,2330313
2023-09-06,97.41925048828125,97.64363778138959,96.5965184789674,96.91439691107921,1954756
2023-09-07,98.35417175292969,98.44767002067542,96.78349643588069,97.36315288448895,2199011
2023-09-08,98.37287139892578,98.59725154257447,97.83061284660162,98.16718662853275,1531719
2023-09-11,99.19561004638672,99.23300792833973,98.4289712986418,98.63465608292498,1872659
2023-09-12,98.29808044433594,99.66307101202923,98.29808044433594,99.21431070279894,2211199
2023-09-13,97.51274871826172,98.09239805958391,97.10137914732339,98.09239805958391,2602036
2023-09-14,98.12979888916016,98.12979888916016,97.26966897219683,97.9802144889094,2767352
2023-09-15,98.55986022949219,99.00862767960393,98.03630414845902,98.07370203037806,7127726
2023-09-18,98.84033966064453,99.15821095398977,98.05499841505159,98.5972569973757,2327364
2023-09-19,98.7281494140625,99.02732534341445,98.0550017897914,98.59726039077832,2455846
2023-09-20,99.77526092529297,99.83135417862036,98.59725267500414,98.97122434065795,3046364
2023-09-21,100.89717102050781,101.04676254324379,99.68177199640174,99.85005889302153,3979792
2023-09-22,99.94355010986328,100.29881927727666,99.41998691277632,100.14923488733497,2424264
2023-09-25,100.16793060302734,100.5793001593744,99.6443745370703,99.8687546892067,2508886
2023-09-26,98.7281494140625,99.96225101425391,98.6720561563455,99.58827931933476,3123287
2023-09-27,96.9517822265625,98.84033594000287,96.9517822265625,98.67204904606182,2952570
2023-09-28,96.20384979248047,97.08267504378762,95.77378485398621,96.93309065048884,3130294
2023-09-29,96.98918151855469,97.71842235860966,96.46562545552372,96.57781909742309,3819645
2023-10-02,96.07295989990234,97.28835894122574,95.96076625626102,97.10137666807337,2150299
2023-10-03,95.96076965332031,96.74611092077804,95.66159372593565,96.31603883805312,2198523
2023-10-04,96.14775085449219,97.26966591928644,95.60549939607081,95.7737862991441,2907607
2023-10-05,96.20384979248047,97.04528429515035,95.99816501039265,96.55911896786705,2885014
2023-10-06,93.7730484008789,95.64289975776249,91.95929030216843,95.54940148358483,6650703
2023-10-09,94.80146026611328,95.41850747252028,94.03482153517338,94.25920168905625,4434667
2023-10-10,96.57782745361328,96.65261608843407,94.89495834409794,95.45591233629739,3964645
2023-10-11,98.31678009033203,98.33547546395737,96.11035509089484,96.39082849277268,3623365
2023-10-12,96.69001007080078,98.42897236949275,96.5778235566379,98.39157448713289,2153439
2023-10-13,96.37213897705078,97.36315789650675,95.97947191080408,96.48432549145456,3105997
2023-10-16,96.1290512084961,96.52171825391382,95.64289302839552,96.35343135831818,3353397
2023-10-17,96.09165954589844,96.89569619544754,95.92337263941334,96.11036205379501,3167156
2023-10-18,95.60549926757812,96.14775072527073,95.08193605154447,95.92337056578012,4378226
2023-10-19,92.32390594482422,94.68926664700473,92.13692367202661,94.42748861192149,4740344
2023-10-20,92.07147979736328,92.77267402455824,91.44507420005255,91.62271235347522,4248326
2023-10-23,91.34223175048828,91.86579495683925,90.77192654210441,91.8377483290362,4325661
2023-10-24,91.66011047363281,91.90319313691022,90.78127809072598,90.98696287250557,2477356
2023-10-25,92.13692474365234,92.13692474365234,90.99631432073787,91.67880604401189,3164556
2023-10-26,92.44544219970703,93.08119190292355,91.49182121134044,92.0247285263222,2877870
2023-10-27,91.11785125732422,92.59503546808497,91.08980462962515,91.622711954657,2850429
2023-10-30,91.34223175048828,91.64140766858175,91.06175833954121,91.23938935993273,2378876
2023-10-31,91.6788101196289,92.03408644395354,91.29549429902015,91.34223630338289,3739124
2023-11-01,92.91291046142578,93.15599313269774,91.96864067098814,92.1369275768046,2605196
2023-11-02,93.97872161865234,94.05351738129416,92.73527594608562,92.8942115920121,3027311
2023-11-03,93.25882720947266,94.05351253104033,93.24947595639554,93.97871677225565,1946070
2023-11-06,93.37102508544922,93.6795451218354,92.9035622712027,93.49256284930338,1863622
2023-11-07,93.13729095458984,93.6234491287056,92.98769943460574,93.23078208812177,2430320
2023-11-08,92.62308502197266,93.10924322758731,92.2397692097813,92.76332529781504,3371061
2023-11-09,93.4084243774414,93.6421557880951,92.3332584618511,92.63243438217117,2179432
2023-11-10,92.91291046142578,93.8478361308691,92.66983492307061,93.4458178076918,1825458
2023-11-13,92.46414947509766,93.11859458587394,92.17431766925382,92.99705681756312,3274245
2023-11-14,92.93161010742188,93.0251012449038,92.2491112512624,92.72592532521172,3207148
2023-11-15,93.11859130859375,93.96002580206118,92.86616452701176,93.09989593447958,2624371
2023-11-16,92.21171569824219,93.29623289258534,92.03408467241593,93.03445484785885,2977837
2023-11-17,92.54828643798828,92.65112882827887,91.68815656730023,91.94058334979388,2434711
2023-11-20,91.89383697509766,92.39869764897759,91.68815220430403,92.18366162507985,2377648
2023-11-21,93.25882720947266,93.25882720947266,91.3889760373529,91.62270743386787,2298893
2023-11-22,93.7730484008789,93.92263280031283,93.18404065839378,93.3990767029188,2259866
2023-11-23,93.81044006347656,93.86654045511219,93.39907761134461,93.51126412878199,1896065
2023-11-24,93.94132995605469,93.94132995605469,93.35232224712799,93.5860536534217,1539684
2023-11-27,93.69824981689453,94.25920378050654,93.67954730945469,93.96002785771903,2002608
2023-11-28,92.93161010742188,93.39907292774802,92.39870277756673,93.39907292774802,2695394
2023-11-29,92.6791763305664,93.26818405013722,92.3239071544297,93.07185052125249,2125543
2023-11-30,92.8848648071289,92.92226269024901,91.501178796269,92.27716168903156,7391291
2023-12-01,92.5108871459961,93.19338598634278,91.95928445459127,93.00640371571113,2464580
2023-12-04,93.46451568603516,93.66084921094345,92.53894131634848,92.74461896178829,2093471
2023-12-05,93.13729095458984,93.71694026223753,92.8007171675419,93.60475375516573,2407221
2023-12-06,92.93161010742188,93.09989700805596,91.94993533157033,92.9596567353748,3233146
2023-12-07,92.24910736083984,93.13729096175209,92.24910736083984,92.96900406821518,2327426
2023-12-08,92.91291046142578,93.10924399605886,91.85644702280489,92.30521448262107,2388466
2023-12-11,92.57633209228516,92.83811725849178,91.49182207823779,92.27715617810833,3182081
2023-12-12,92.50154876708984,92.90356709352598,92.13692832368461,92.15562369874164,3371981
2023-12-13,92.02472686767578,93.01574571871264,91.81904209491351,92.14626462752793,3786661
2023-12-14,91.3609390258789,93.07185474032542,91.26744788401713,92.90356783180746,4339832
2023-12-15,91.72555541992188,92.23041612317199,90.58494499401418,91.44507487381071,8920094
2023-12-18,91.697509765625,91.9592878072197,91.03371340789082,91.4357317240303,2391289
2023-12-19,90.28577423095703,92.06213448099409,90.28577423095703,91.72556065960109,4147692
2023-12-20,90.29512023925781,91.01500984529787,89.86505529977826,90.23901985034026,3729894
2023-12-21,90.67843627929688,91.00565882834795,89.8931021615743,89.8931021615743,2593626
2023-12-22,90.87477111816406,91.0150113934686,90.36056628593639,90.36056628593639,1806316
2023-12-27,90.53820037841797,90.7438851714452,90.32317146419274,90.40731135247646,1841955
2023-12-28,90.491455078125,90.86542676701715,90.35121480317586,90.47275257057622,1716171
2023-12-29,91.16460418701172,91.28614195640577,90.6316968397965,90.78128123805715,1977126
